resume,job
0,B.E in Information science and engineering
1,
2,Senior Systems Engineer
3,Operational Analyst (SQL DBA) Engineer
4,lecturer
5,Automation developer
6,Process Specialist
7,QA Tester
8,
9,Team Lead
10,Subject matter Expert
11,Senior Associate Consultant
12,Team member
13,Senior Analyst
14,Class teacher
15,Process associate
16,Technology Analyst
17,software engineer
18,Co-coordinator of CODE HUNTER at CGC FEST
19,Software Engineer
20,Associate Consultant
21,QA Analyst
22,Data Analyst Intern
23,Associate Consultant
24,Application Developer
25,
26,FI/CO Consultant in Tech Mahindra
27,Associate consultant
28,Systems Engineer
29,Sr Test Engineer
30,Systems Engineer
31,Team Member
32,Senior System Engineer
33,Network Ops Associate
34,Developer
35,Technical Support Engineer
36,DEVOPS ADMINISTRATOR
37,Certified Network Associate Training Program
38,Senior Systems Engineer
39,Software Test Engineer
40,Senior software engineer
41,Senior Analyst -Supplier Data Management
42,Software Automation Engineer
43,Senior Software Analyst
44,IT Operations Analyst
45,Server Support Engineer
46,Test Engineer
47,fresher job
48,Consultant
49,Test Engineer
50,System Engineer
51,PeopleSoft consultant
52,SYSTEMS ENGINEER
53,Senior System Engineer
54,Configuration Engineer
55,Principal Consultant
56,Officer-HR & Administration in H.& R. Johnson (India)
57,
58,Associate Software Engineer
59,Process Associate
60,Associate Consultant
61,Project Lead
62,CES ASSOCIATE CONSULTANT
63,Software Engineer
64,Functional Consultant / WM Lead
65,Working as Escalation Engineer
66,Technical Support Engineer
67,JAVA Developer/Senior Systems Engineer
68,Application Developer
69,
70,Software Engineer
71,Technology Lead / Analyst
72,App develop
73,
74,Senior Systems Engineer
75,Associate network engineer
76,Technical Lead
77,Quality Engineer
78,Consultant
79,Specialist II, Marketing
80,Online Content Writer
81,Technical Consultant
82,System Engineer
83,Technology Analyst
84,L1 network engineer
85,Technical support engineer
86,Technical Support Engineer
87,Finance Analyst
88,software engineer
89,Sr. Test Manager
90,Associate Consultant
91,Principal Engineer Technical Staff
92,FI Support Consultant
93,SMTS
94,
95,Business Development Rep
96,Software developer
97,Software Engineer
98,SAP as a Consultant
99,Technology Analyst
100,Lead Engineer
101,Maximo Consultant
102,Developer
103,Microsoft InfoPath Designer
104,
105,Tech Support Executive
106,head of operation and logistics
107,
108,SELF EMPLOYED
109,Sales Associate
110,App develop
111,Technical Lead/Operations Manager
112,Arabic Language Trainer
113,Chief Coordinator of LEAR
114,Technical Architect
115,Microsoft Partner Readiness Operations Project Manager (APAC)
116,Front Office Executive
117,software
118,Consultant SDET
119,security officer
120,SAP SD lead
121,Service Desk Analyst
122,Volunteer Contestant, Yappon
123,JavaTally
124,Assistant Consultant
125,Senior Sales Executive
126,Software Test Automation Engineer
127,HVAC Technician
128,Technical Support Executive
129,online job in home
130,DBA Client
131,Sr. Program Manager / Product Owner, Architect, Consultant
132,Major Incident Manager / Escalation Manager
133,Developer Support Engineer
134,Beta Tester
135,
136,Data Entry Operator
137,Software Engineer
138,IT SUPPORT
139,
140,Developer
141,Typing work
142,Delivery Specialist
143,Software developer
144,Microsoft Student Partner
145,I Phone solution Consultant
146,Technical consultant
147,Python Developer
148,Software
149,Space auditing
150,Data Entry Operator
151,Microsoft Student partner
152,Software Developer
153,Cluster HR Manager
154,Senior Executive (MIS & Audit)
155,Jr. ASP.NET Developer
156,
157,Intern
158,DevOps Consultant
159,TCS Security guard
160,2001
161,Member of Discipline Committee in ALGORYTHM
162,Technology Consultant
163,Escalation Specialist
164,Senior Travel Operations
165,Store Executive
166,Global Production Support Lead,
167,Trainer-Finacle-Core Banking Solutions
168,Senior Professional Technology Analyst
169,Oceanic Consultants
170,Associate
171,Sr. Systems Engineer
172,
173,Test Engineer
174,Sales and marketing specialist
175,Engineer / Electrical Supervisor,
176,
177,Senior Process Executive
178,
179,
180,HR Executive
181,Senior System Engineer at Infosys Limited
182,G4S Security
183,Quality Analyst
184,Senior Technology Support Executive
185,Systems Engineer
186,NOC and QA Engineer
187,Test Analyst
188,trining
189,Senior Process Executive
190,SDET Automation Engineer
191,Technical Lead
192,System Engineer
193,Project Lead
194,Admin assistant
195,Principal System Engineer
196,SME
197,internship
198,accountant
199,Linux Administrator
200,
201,Microsoft Certified System Engineer
202,System Administrator (Server)
203,Microsoft technology Associate (MTA)
204,Assisting Microsoft Partners - Exchange Online and Office
205,specialist Technology Process
206,dynamics AX Technical consultant
207,Backup Administrator
208,Jr. Developer
209,Customer Care Associate Microsoft
210,Certified System Engineer
211,L1 Analyst in Microsoft project
212,Microsoft Dainamic Software Billing Operator
213,
214,Software Engineer
215,Student
216,Microsoft Azure (Basic Management)
217,Microsoft Office Suite - Expert
218,PMO
219,Security Analyst
